{
  "id": "c24b68b9-6ecb-b253-5294-7a664966a06f",
  "name": "iOpenApiSandbox Scenarios",
  "values": [
    {
      "enabled": true,
      "key": "root_url",
      "value": "https://apis.nbg.gr/public/nbgapis/obp/v3.0.1",
      "type": "text"
    },
    {
      "enabled": true,
      "key": "sandbox_id",
      "value": "hackathon2017",
      "type": "text"
    },
    {
      "enabled": true,
      "key": "application_id",
      "value": "91fbc121-2e67-4bb9-8444-c3469a535b4e",
      "type": "text"
    },
    {
      "enabled": true,
      "key": "user_id",
      "value": "7b8e50dd-b755-4c4b-b79d-106cd6acce03",
      "type": "text"
    },
    {
      "enabled": true,
      "key": "user2_id",
      "value": "",
      "type": "text"
    },
    {
      "enabled": true,
      "key": "username1",
      "value": "User1",
      "type": "text"
    },
    {
      "enabled": true,
      "key": "provider",
      "value": "NBG",
      "type": "text"
    },
    {
      "enabled": true,
      "key": "provider_id",
      "value": "NBG.gr",
      "type": "text"
    },
    {
      "enabled": true,
      "key": "bank_id",
      "value": "DB173089-A8FE-43F1-8947-F1B2A8699829",
      "type": "text"
    },
    {
      "enabled": true,
      "key": "branch_id",
      "value": "e4cb6d4d-02ed-426a-a882-aba565bcaefe",
      "type": "text"
    },
    {
      "enabled": true,
      "key": "account_id",
      "value": "9a7ec8fc-1e1a-4703-8037-7d15dae112dd",
      "type": "text"
    },
    {
      "enabled": true,
      "key": "new_account_id",
      "value": "e9ef224a-b62e-11e7-abc4-cec278b6b50b",
      "type": "text"
    },
    {
      "enabled": true,
      "key": "view_id",
      "value": "owner",
      "type": "text"
    },
    {
      "enabled": true,
      "key": "public_view_id_user1",
      "value": "publicViewUser1",
      "type": "text"
    },
    {
      "enabled": true,
      "key": "privateView2Account1",
      "value": "privateview2account1",
      "type": "text"
    },
    {
      "enabled": true,
      "key": "other_account_id",
      "value": "",
      "type": "text"
    },
    {
      "enabled": true,
      "key": "counterparty_id",
      "value": "",
      "type": "text"
    },
    {
      "enabled": true,
      "key": "transaction_request_id",
      "value": "64ee9898-ea41-4326-a317-31d2ac4c2179",
      "type": "text"
    },
    {
      "enabled": true,
      "key": "challenge_id",
      "value": "ece51024-bbd5-4cce-9627-946e8c2f0bf4",
      "type": "text"
    }
  ],
  "timestamp": 1508572242252,
  "_postman_variable_scope": "environment",
  "_postman_exported_at": "2017-10-21T07:52:43.727Z",
  "_postman_exported_using": "Postman/5.3.1"
}