{
  "id": "e11a3787-41c3-5245-7b58-25e646272f87",
  "name": "iOpenApiSandbox Scenarios",
  "values": [
    {
      "enabled": true,
      "key": "root_url",
      "value": "https://apis.nbg.gr/public/nbgapis/obp/v3.0.1",
      "type": "text"
    },
    {
      "enabled": true,
      "key": "sandbox_id",
      "value": "",
      "type": "text"
    },
    {
      "enabled": true,
      "key": "application_id",
      "value": "",
      "type": "text"
    },
    {
      "enabled": true,
      "key": "user_id",
      "value": "",
      "type": "text"
    },
    {
      "enabled": true,
      "key": "user2_id",
      "value": "",
      "type": "text"
    },
    {
      "enabled": true,
      "key": "username1",
      "value": "User1",
      "type": "text"
    },
    {
      "enabled": true,
      "key": "provider",
      "value": "NBG",
      "type": "text"
    },
    {
      "enabled": true,
      "key": "provider_id",
      "value": "NBG.gr",
      "type": "text"
    },
    {
      "enabled": true,
      "key": "bank_id",
      "value": "",
      "type": "text"
    },
    {
      "enabled": true,
      "key": "branch_id",
      "value": "",
      "type": "text"
    },
    {
      "enabled": true,
      "key": "account_id",
      "value": "",
      "type": "text"
    },
    {
      "enabled": true,
      "key": "new_account_id",
      "value": "",
      "type": "text"
    },
    {
      "enabled": true,
      "key": "view_id",
      "value": "owner",
      "type": "text"
    },
    {
      "enabled": true,
      "key": "public_view_id_user1",
      "value": "publicViewUser1",
      "type": "text"
    },
    {
      "enabled": true,
      "key": "privateView2Account1",
      "value": "privateview2account1",
      "type": "text"
    },
    {
      "enabled": true,
      "key": "other_account_id",
      "value": "",
      "type": "text"
    },
    {
      "enabled": true,
      "key": "counterparty_id",
      "value": "",
      "type": "text"
    },
    {
      "enabled": true,
      "key": "transaction_request_id",
      "value": "",
      "type": "text"
    },
    {
      "enabled": true,
      "key": "challenge_id",
      "value": "",
      "type": "text"
    }
  ],
  "timestamp": 1508496455031,
  "_postman_variable_scope": "environment",
  "_postman_exported_at": "2017-10-20T10:57:13.117Z",
  "_postman_exported_using": "Postman/5.3.0"
}